"lon","lat"
126.92,36.91
127.28,36.91
126.84,36.95
126.88,36.95
126.92,36.95
126.96,36.95
127,36.95
127.04,36.95
127.08,36.95
127.24,36.95
127.28,36.95
127.32,36.95
127.36,36.95
126.84,36.99
126.88,36.99
126.92,36.99
126.96,36.99
127,36.99
127.04,36.99
127.08,36.99
127.12,36.99
127.16,36.99
127.2,36.99
127.24,36.99
127.28,36.99
127.32,36.99
127.36,36.99
126.76,37.03
126.8,37.03
126.84,37.03
126.88,37.03
126.92,37.03
126.96,37.03
127,37.03
127.04,37.03
127.08,37.03
127.12,37.03
127.16,37.03
127.2,37.03
127.24,37.03
127.28,37.03
127.32,37.03
127.36,37.03
127.4,37.03
127.44,37.03
126.8,37.07
126.84,37.07
126.88,37.07
126.92,37.07
126.96,37.07
127,37.07
127.04,37.07
127.08,37.07
127.12,37.07
127.16,37.07
127.2,37.07
127.24,37.07
127.28,37.07
127.32,37.07
127.36,37.07
127.4,37.07
127.44,37.07
127.48,37.07
127.52,37.07
127.56,37.07
126.8,37.11
126.84,37.11
126.88,37.11
126.92,37.11
126.96,37.11
127,37.11
127.04,37.11
127.08,37.11
127.12,37.11
127.16,37.11
127.2,37.11
127.24,37.11
127.28,37.11
127.32,37.11
127.36,37.11
127.4,37.11
127.44,37.11
127.48,37.11
127.52,37.11
127.56,37.11
127.6,37.11
126.72,37.15
126.84,37.15
126.88,37.15
126.92,37.15
126.96,37.15
127,37.15
127.04,37.15
127.08,37.15
127.12,37.15
127.16,37.15
127.2,37.15
127.24,37.15
127.28,37.15
127.32,37.15
127.36,37.15
127.4,37.15
127.44,37.15
127.48,37.15
127.52,37.15
127.56,37.15
127.6,37.15
127.68,37.15
126.68,37.19
126.72,37.19
126.76,37.19
126.8,37.19
126.84,37.19
126.88,37.19
126.92,37.19
126.96,37.19
127,37.19
127.04,37.19
127.08,37.19
127.12,37.19
127.16,37.19
127.2,37.19
127.24,37.19
127.28,37.19
127.32,37.19
127.36,37.19
127.4,37.19
127.44,37.19
127.48,37.19
127.52,37.19
127.56,37.19
127.6,37.19
127.64,37.19
127.68,37.19
127.72,37.19
126.56,37.23
126.6,37.23
126.68,37.23
126.72,37.23
126.76,37.23
126.8,37.23
126.84,37.23
126.88,37.23
126.92,37.23
126.96,37.23
127,37.23
127.04,37.23
127.08,37.23
127.12,37.23
127.16,37.23
127.2,37.23
127.24,37.23
127.28,37.23
127.32,37.23
127.36,37.23
127.4,37.23
127.44,37.23
127.48,37.23
127.52,37.23
127.56,37.23
127.6,37.23
127.64,37.23
127.68,37.23
127.72,37.23
126.56,37.27
126.88,37.27
126.92,37.27
126.96,37.27
127,37.27
127.04,37.27
127.08,37.27
127.12,37.27
127.16,37.27
127.2,37.27
127.24,37.27
127.28,37.27
127.32,37.27
127.36,37.27
127.4,37.27
127.44,37.27
127.48,37.27
127.52,37.27
127.56,37.27
127.6,37.27
127.64,37.27
127.68,37.27
127.72,37.27
126.76,37.31
126.8,37.31
126.84,37.31
126.88,37.31
126.92,37.31
126.96,37.31
127,37.31
127.04,37.31
127.08,37.31
127.12,37.31
127.16,37.31
127.2,37.31
127.24,37.31
127.28,37.31
127.32,37.31
127.36,37.31
127.4,37.31
127.44,37.31
127.48,37.31
127.52,37.31
127.56,37.31
127.6,37.31
127.64,37.31
127.68,37.31
127.72,37.31
127.76,37.31
126.72,37.35
126.76,37.35
126.8,37.35
126.84,37.35
126.88,37.35
126.92,37.35
126.96,37.35
127,37.35
127.04,37.35
127.08,37.35
127.12,37.35
127.16,37.35
127.2,37.35
127.24,37.35
127.28,37.35
127.32,37.35
127.36,37.35
127.4,37.35
127.44,37.35
127.48,37.35
127.52,37.35
127.56,37.35
127.6,37.35
127.64,37.35
127.68,37.35
127.72,37.35
126.76,37.39
126.8,37.39
126.84,37.39
126.88,37.39
126.92,37.39
126.96,37.39
127,37.39
127.04,37.39
127.08,37.39
127.12,37.39
127.16,37.39
127.2,37.39
127.24,37.39
127.28,37.39
127.32,37.39
127.36,37.39
127.4,37.39
127.44,37.39
127.48,37.39
127.52,37.39
127.56,37.39
127.6,37.39
127.64,37.39
127.68,37.39
127.72,37.39
127.76,37.39
126.8,37.43
126.84,37.43
126.88,37.43
126.92,37.43
126.96,37.43
127,37.43
127.04,37.43
127.08,37.43
127.12,37.43
127.16,37.43
127.2,37.43
127.24,37.43
127.28,37.43
127.32,37.43
127.36,37.43
127.4,37.43
127.44,37.43
127.48,37.43
127.52,37.43
127.56,37.43
127.6,37.43
127.64,37.43
127.68,37.43
127.72,37.43
127.76,37.43
127.8,37.43
126.8,37.47
126.84,37.47
126.88,37.47
126.92,37.47
126.96,37.47
127,37.47
127.04,37.47
127.08,37.47
127.12,37.47
127.16,37.47
127.2,37.47
127.24,37.47
127.28,37.47
127.32,37.47
127.36,37.47
127.4,37.47
127.44,37.47
127.48,37.47
127.52,37.47
127.56,37.47
127.6,37.47
127.64,37.47
127.68,37.47
127.72,37.47
127.76,37.47
127.8,37.47
126.76,37.51
126.8,37.51
126.84,37.51
126.88,37.51
126.92,37.51
126.96,37.51
127,37.51
127.04,37.51
127.08,37.51
127.12,37.51
127.16,37.51
127.2,37.51
127.24,37.51
127.28,37.51
127.32,37.51
127.36,37.51
127.4,37.51
127.44,37.51
127.48,37.51
127.52,37.51
127.56,37.51
127.6,37.51
127.64,37.51
127.68,37.51
127.72,37.51
127.76,37.51
126.8,37.55
126.84,37.55
126.88,37.55
126.92,37.55
126.96,37.55
127,37.55
127.04,37.55
127.08,37.55
127.12,37.55
127.16,37.55
127.2,37.55
127.24,37.55
127.28,37.55
127.32,37.55
127.36,37.55
127.4,37.55
127.44,37.55
127.48,37.55
127.52,37.55
127.56,37.55
127.6,37.55
127.64,37.55
127.68,37.55
127.72,37.55
127.76,37.55
127.8,37.55
127.84,37.55
126.76,37.59
126.8,37.59
126.84,37.59
126.88,37.59
126.92,37.59
126.96,37.59
127,37.59
127.04,37.59
127.08,37.59
127.12,37.59
127.16,37.59
127.2,37.59
127.24,37.59
127.28,37.59
127.32,37.59
127.36,37.59
127.4,37.59
127.44,37.59
127.48,37.59
127.52,37.59
127.56,37.59
127.6,37.59
127.64,37.59
127.68,37.59
126.56,37.63
126.6,37.63
126.64,37.63
126.68,37.63
126.72,37.63
126.76,37.63
126.8,37.63
126.84,37.63
126.88,37.63
126.92,37.63
126.96,37.63
127,37.63
127.04,37.63
127.08,37.63
127.12,37.63
127.16,37.63
127.2,37.63
127.24,37.63
127.28,37.63
127.32,37.63
127.36,37.63
127.4,37.63
127.44,37.63
127.48,37.63
127.52,37.63
127.6,37.63
127.64,37.63
126.56,37.67
126.6,37.67
126.64,37.67
126.68,37.67
126.72,37.67
126.76,37.67
126.8,37.67
126.84,37.67
126.88,37.67
126.92,37.67
126.96,37.67
127,37.67
127.04,37.67
127.08,37.67
127.12,37.67
127.16,37.67
127.2,37.67
127.24,37.67
127.28,37.67
127.32,37.67
127.36,37.67
127.4,37.67
127.44,37.67
127.48,37.67
127.52,37.67
126.56,37.71
126.6,37.71
126.64,37.71
126.68,37.71
126.72,37.71
126.76,37.71
126.8,37.71
126.84,37.71
126.88,37.71
126.92,37.71
126.96,37.71
127,37.71
127.04,37.71
127.08,37.71
127.12,37.71
127.16,37.71
127.2,37.71
127.24,37.71
127.28,37.71
127.32,37.71
127.36,37.71
127.4,37.71
127.44,37.71
127.48,37.71
127.52,37.71
126.56,37.75
126.6,37.75
126.64,37.75
126.72,37.75
126.76,37.75
126.8,37.75
126.84,37.75
126.88,37.75
126.92,37.75
126.96,37.75
127,37.75
127.04,37.75
127.08,37.75
127.12,37.75
127.16,37.75
127.2,37.75
127.24,37.75
127.28,37.75
127.32,37.75
127.36,37.75
127.4,37.75
127.44,37.75
127.48,37.75
127.52,37.75
126.68,37.79
126.72,37.79
126.76,37.79
126.8,37.79
126.84,37.79
126.88,37.79
126.92,37.79
126.96,37.79
127,37.79
127.04,37.79
127.08,37.79
127.12,37.79
127.16,37.79
127.2,37.79
127.24,37.79
127.28,37.79
127.32,37.79
127.36,37.79
127.4,37.79
127.44,37.79
127.48,37.79
127.52,37.79
126.68,37.83
126.72,37.83
126.76,37.83
126.8,37.83
126.84,37.83
126.88,37.83
126.92,37.83
126.96,37.83
127,37.83
127.04,37.83
127.08,37.83
127.12,37.83
127.16,37.83
127.2,37.83
127.24,37.83
127.28,37.83
127.32,37.83
127.36,37.83
127.4,37.83
127.44,37.83
127.48,37.83
127.52,37.83
126.72,37.87
126.76,37.87
126.8,37.87
126.84,37.87
126.88,37.87
126.92,37.87
126.96,37.87
127,37.87
127.04,37.87
127.08,37.87
127.12,37.87
127.16,37.87
127.2,37.87
127.24,37.87
127.28,37.87
127.32,37.87
127.36,37.87
127.4,37.87
127.44,37.87
127.48,37.87
127.52,37.87
127.56,37.87
126.68,37.91
126.72,37.91
126.76,37.91
126.8,37.91
126.84,37.91
126.88,37.91
126.92,37.91
126.96,37.91
127,37.91
127.04,37.91
127.08,37.91
127.12,37.91
127.16,37.91
127.2,37.91
127.24,37.91
127.28,37.91
127.32,37.91
127.36,37.91
127.4,37.91
127.44,37.91
127.48,37.91
127.52,37.91
127.56,37.91
127.6,37.91
126.68,37.95
126.72,37.95
126.76,37.95
126.8,37.95
126.84,37.95
126.88,37.95
126.92,37.95
126.96,37.95
127,37.95
127.04,37.95
127.08,37.95
127.12,37.95
127.16,37.95
127.2,37.95
127.24,37.95
127.28,37.95
127.32,37.95
127.36,37.95
127.4,37.95
127.44,37.95
127.48,37.95
127.52,37.95
127.56,37.95
127.6,37.95
126.8,37.99
126.84,37.99
126.88,37.99
126.92,37.99
126.96,37.99
127,37.99
127.04,37.99
127.08,37.99
127.12,37.99
127.16,37.99
127.2,37.99
127.24,37.99
127.28,37.99
127.32,37.99
127.36,37.99
127.4,37.99
127.44,37.99
127.48,37.99
127.52,37.99
126.84,38.03
126.88,38.03
126.92,38.03
126.96,38.03
127,38.03
127.04,38.03
127.08,38.03
127.12,38.03
127.16,38.03
127.2,38.03
127.24,38.03
127.28,38.03
127.32,38.03
127.36,38.03
127.4,38.03
127.44,38.03
126.92,38.07
126.96,38.07
127,38.07
127.04,38.07
127.08,38.07
127.12,38.07
127.16,38.07
127.2,38.07
127.24,38.07
127.28,38.07
127.32,38.07
127.36,38.07
127.4,38.07
127.44,38.07
126.88,38.11
126.92,38.11
126.96,38.11
127,38.11
127.04,38.11
127.08,38.11
127.12,38.11
127.16,38.11
127.2,38.11
127.24,38.11
127.28,38.11
127.4,38.11
127,38.15
127.04,38.15
127.08,38.15
127.12,38.15
127.16,38.15
127.2,38.15
127.24,38.15
127.28,38.15
127,38.19
127.04,38.19
127.08,38.19
127.12,38.19
127.16,38.19
127.08,38.23
127.12,38.23
127.16,38.23
